{
  "avg_latency_ms_by_host": {
    "192.168.68.64": 2181.092649998997,
    "192.168.68.59": 2171.9914999994216,
    "192.168.68.52": 2105.5024999999055
  },
  "total_makespan_s": 73.0585309000162,
  "per_wave_makespan_s": [
    6.3470479999959935,
    6.45189220001339,
    6.841617300000507,
    7.00121489999583,
    7.157493800012162,
    7.442994100012584,
    7.74136179999914,
    7.904564799973741,
    7.999239199998556,
    8.171104800014291
  ],
  "cpu": {
    "192.168.68.52": 11,
    "192.168.68.59": 12,
    "192.168.68.64": 2
  },
  "mem": {
    "192.168.68.52": 14,
    "192.168.68.64": 5,
    "192.168.68.59": 6
  },
  "cpu_avg_percentage": {},
  "mem_avg_percentage": {},
  "lat_avg": {}
}
